injection_no,discharge_E,start_frame,finish_frame,A_f,t_0_f,tau_f,C_f,A,t_0,tau,C,fit_success,fit_message
1,6660.0,64,67,71.72409411928311,65.0,1.2688114912870028,62.0,71.72409411928311,3.25,0.06344057456435014,62.0,True,ok
2,6660.0,147,156,81.00000058163567,148.0,127242477.49922612,62.0,81.00000058163567,7.4,6362123.874961306,62.0,True,ok
