discharge_no,discharge_E,start_frame,finish_frame,A_f,t_0_f,tau_f,C_f,A,t_0,tau,C,fit_first_success,fit_first_message,fit_first_n,fit_second_success,fit_second_message,fit_second_n,A_f_err,tau_f_err,A_err,tau_err
1,6660.0,64,67,73.31709734302733,64.0,2.6519422849588596,51.5,58.30170777957627,65.0,1.452632934628369,51.5,True,ok,3,True,ok,3,10.165919446519293,1.0893709771107665,1.113765377334489,0.06493646086802005
2,6660.0,147,156,76.41818635790737,147.0,14.664768718126004,51.5,67.48823134403507,148.0,199.9999999999997,51.5,True,ok,3,True,ok,3,12.341672561105025,28.477867784602743,8.187080004859972,3773.8077075075894
