discharge_no,discharge_E,start_frame,finish_frame,A_f,t_0_f,tau_f,C_f,A,t_0,tau,C,fit_first_success,fit_first_message,fit_first_n,fit_second_success,fit_second_message,fit_second_n,A_f_err,tau_f_err,A_err,tau_err
1,6660.0,64,68,152.71633663477417,64.0,2.6450088831035328,55.0,132.86542331985373,65.0,1.0592801504259917,55.0,True,ok,3,True,ok,3,35.11004670951546,1.7988066245940573,1.1265434915305144,0.020913845211940296
2,6660.0,100,112,1677.783808100681,100.0,199.99999999999997,55.0,1925.9910832494636,101.0,13.833060647744407,55.0,True,ok,3,True,ok,3,522.6534601513745,9690.716432355288,168.39395282593946,13.766943473696188
3,6660.0,146,157,1621.0126863145929,146.0,199.9999999996598,55.0,2439.6891830703553,147.0,5.634673468865469,55.0,True,ok,3,True,ok,3,1413.5129613532024,27126.347714228657,45.37274791222316,0.5353221587512342
4,6660.0,194,205,317.86889075668495,194.0,4.21204396701173,55.0,239.43667444032013,195.0,199.99999999999656,55.0,True,ok,3,True,ok,3,30.420040449562425,1.6337837641112984,43.94600000789784,5709.617323369291
